﻿INSERT INTO Person VALUES('FX9KJNPSFRKSL', 'GALOTTI', 'LUCIETTA', 'M', '1941-01-15', 'via BRIZI 83 Ponzano Veneto', 'Castelnuovo Magra', 'GALOTTILUCIETTA@email.it', '4056252435', '5558267542', 'GALOTTILUCIETTA@email.it');
INSERT INTO Person VALUES('JSCV2753B7GB5', 'BAGNAIA', 'AMBROSINO', 'M', '1993-09-18', 'via NUTI 75 San Giorgio del Sannio', 'Mombaroccio', 'BAGNAIAAMBROSINO@email.it', '1924311553', '4641863857', 'BAGNAIAAMBROSINO@email.it');
INSERT INTO Person VALUES('4IUVTLQ71ZMPU', 'GIULIANI', 'CUNEGONDO', 'M', '1997-03-22', 'via VALENTINI 48 Valenzano', 'Landiona', 'GIULIANICUNEGONDO@email.it', '6114224921', '3393896468', 'GIULIANICUNEGONDO@email.it');
INSERT INTO Person VALUES('MYGWGQD18QTVU', 'STRAZZANTI', 'OTTAVIA', 'F', '1985-08-16', 'via BAGNAIA 52 Santa Elisabetta', 'Mercallo', 'STRAZZANTIOTTAVIA@email.it', '1896488022', '5446910826', 'STRAZZANTIOTTAVIA@email.it');
INSERT INTO Person VALUES('AO9XAC8KIWAEA', 'CARUCCI', 'GIOBATTISTA', 'M', '1996-09-14', 'via FABBRI 62 Tortorella', 'Guiglia', 'CARUCCIGIOBATTISTA@email.it', '4013998427', '7808364539', 'CARUCCIGIOBATTISTA@email.it');
INSERT INTO Person VALUES('RXOSBAFP9U1CP', 'FIUMI', 'AZELIO', 'M', '1954-06-18', 'via FRATICELLI 21 San Giorgio di Piano', 'Terrazzo', 'FIUMIAZELIO@email.it', '4798001029', '3146359385', 'FIUMIAZELIO@email.it');
INSERT INTO Person VALUES('6JKID11AOK502', 'DE SANTIS', 'ARBACE', 'F', '1954-06-26', 'via FIUMI 29 Cengio', 'Squinzano', 'DE SANTISARBACE@email.it', '0739460426', '4864351425', 'DE SANTISARBACE@email.it');
INSERT INTO Person VALUES('Q3L5HJF5YE2BK', 'D^OTTAVIO ', 'ROMANDO', 'M', '1985-11-22', 'via D^AMBROSIO 70 Bedizzole', 'Arenzano', 'D^OTTAVIO ROMANDO@email.it', '4572154381', '1561750681', 'D^OTTAVIO ROMANDO@email.it');
INSERT INTO Person VALUES('DES19PMCJZI4C', 'PEPE', 'ONORINDA', 'M', '1989-09-09', 'via ABU 79 Corfinio', 'Picciano', 'PEPEONORINDA@email.it', '3218397451', '2772396792', 'PEPEONORINDA@email.it');
INSERT INTO Person VALUES('BZU1EPCCYMYHT', 'HUSHCHYNA', 'BORTOLOMEO', 'F', '1994-07-21', 'via BRUNI 39 Grottammare', 'Ferriere', 'HUSHCHYNABORTOLOMEO@email.it', '6503199912', '7600903879', 'HUSHCHYNABORTOLOMEO@email.it');
INSERT INTO Person VALUES('6GNE3MG0WQQJH', 'D^AMBROSIO', 'EDILIANO', 'F', '1972-04-30', 'via GALLI 76 Casalpusterlengo', 'Vico Canavese', 'D^AMBROSIOEDILIANO@email.it', '6840134607', '8887356921', 'D^AMBROSIOEDILIANO@email.it');
INSERT INTO Person VALUES('1M62H2YG8INJA', 'PASCALE', 'WOLFRANO', 'F', '1969-07-11', 'via DE FREITAS SOUSA TAVARES 00 Tertenia', 'Cavezzo', 'PASCALEWOLFRANO@email.it', '4277326637', '1415448576', 'PASCALEWOLFRANO@email.it');
INSERT INTO Person VALUES('AJCOIVG4PHV16', 'ESPOSITO', 'EGIDE', 'F', '1959-11-14', 'via KELLMANN 83 Valbrona', 'Castelsantangelo sul Nera', 'ESPOSITOEGIDE@email.it', '5455217462', '6978709185', 'ESPOSITOEGIDE@email.it');
INSERT INTO Person VALUES('X2VQ0JQIU4QQ7', 'D^AMORA', 'NEA', 'F', '1962-10-01', 'via LONGO 63 Canaro', 'Caltabellotta', 'D^AMORANEA@email.it', '7711650923', '6305669330', 'D^AMORANEA@email.it');
INSERT INTO Person VALUES('TMY7DPSAXQ1HD', 'PONGETTI', 'BRIZIA', 'F', '1974-12-23', 'via STEFFANINA 04 Capriati a Volturno', 'Baveno', 'PONGETTIBRIZIA@email.it', '2620267479', '9518742884', 'PONGETTIBRIZIA@email.it');
INSERT INTO Person VALUES('UD77WXKRDZLYV', 'BENCIVENGA', 'GIOVANNIMARIA', 'F', '1950-04-18', 'via STRAZZANTI 71 Calvignasco', 'Carpineto Romano', 'BENCIVENGAGIOVANNIMARIA@email.it', '1298552999', '8031864137', 'BENCIVENGAGIOVANNIMARIA@email.it');
INSERT INTO Person VALUES('OM2GF128G28OQ', 'SASSETTI', 'AMADIA', 'M', '1981-09-10', 'via BRIZI 46 Baceno', 'San Costanzo', 'SASSETTIAMADIA@email.it', '8387681920', '8638651213', 'SASSETTIAMADIA@email.it');
INSERT INTO Person VALUES('S0MXJY4BOKBVF', 'IATALESE', 'FERDINANDO', 'F', '1987-07-14', 'via WILLIAMS 27 San Colombano Belmonte', 'Santa Domenica Talao', 'IATALESEFERDINANDO@email.it', '1399417199', '7801209856', 'IATALESEFERDINANDO@email.it');
INSERT INTO Person VALUES('CV83I32BZ2GJW', 'LAURENTI', 'BRACCIO', 'F', '1951-10-31', 'via MINESTRINI  32 Preganziol', 'Pula', 'LAURENTIBRACCIO@email.it', '7519827481', '8450283916', 'LAURENTIBRACCIO@email.it');
INSERT INTO Person VALUES('CUIHNRQK7GAZZ', 'MATTIONI', 'CONSUELA', 'M', '1998-12-02', 'via STAZZONE 74 Bedonia', 'Nuvolera', 'MATTIONICONSUELA@email.it', '0746794378', '6145771649', 'MATTIONICONSUELA@email.it');
INSERT INTO Person VALUES('57UA015H3E4A1', 'DE LA CRUZ', 'RAFFAELLE', 'M', '1978-01-16', 'via VALENTINI 78 Bovisio-Masciago', 'Castiadas', 'DE LA CRUZRAFFAELLE@email.it', '6170999028', '8807016990', 'DE LA CRUZRAFFAELLE@email.it');
INSERT INTO Person VALUES('GVPRD5JLW5MYQ', 'PAGLIA', 'TEMIDE', 'M', '1955-10-12', 'via CALIGARI 67 Marsico Nuovo', 'Rotella', 'PAGLIATEMIDE@email.it', '2185972769', '2951698033', 'PAGLIATEMIDE@email.it');
INSERT INTO Person VALUES('LUDDMXR74UNGW', 'FOSSAROLI', 'ORANZO', 'M', '1969-08-08', 'via PIANI 31 Paciano', 'Bianzè', 'FOSSAROLIORANZO@email.it', '2970832021', '9690922909', 'FOSSAROLIORANZO@email.it');
INSERT INTO Person VALUES('4MNC22MEBPWNA', 'LA SORDA', 'LILLO', 'F', '1962-09-09', 'via SIMONI 45 Dervio', 'Mandas', 'LA SORDALILLO@email.it', '2874501074', '6199805339', 'LA SORDALILLO@email.it');
INSERT INTO Person VALUES('JJASGOC4M16XP', 'ZEOLLA', 'IVONETTO', 'M', '1994-03-11', 'via MILUTINOVIC 29 San Donato di Ninea', 'Verona', 'ZEOLLAIVONETTO@email.it', '2944047898', '1697422419', 'ZEOLLAIVONETTO@email.it');
INSERT INTO Person VALUES('7CQ8RBO0R817A', 'SIPIO', 'FULGHESU', 'M', '1963-11-14', 'via CAPITANI 53 Besnate', 'Roburent', 'SIPIOFULGHESU@email.it', '3283575623', '4449552065', 'SIPIOFULGHESU@email.it');
INSERT INTO Person VALUES('PT2ZMCV7GD2UJ', 'ZOLEA', 'ORTESINA', 'M', '1983-04-26', 'via PRELATI 03 Suello', 'Pieve di Soligo', 'ZOLEAORTESINA@email.it', '1738456277', '5662391748', 'ZOLEAORTESINA@email.it');
INSERT INTO Person VALUES('NNZ835UPU7TI7', 'DALLAGO', 'FILADELFO', 'F', '1945-01-04', 'via HARASYMIUK 42 Fara Olivana con Sola', 'Corinaldo', 'DALLAGOFILADELFO@email.it', '4844905980', '7685217642', 'DALLAGOFILADELFO@email.it');
INSERT INTO Person VALUES('LYHYZBCB30382', 'BORGAT-WOHLBANG', 'ONORINDA', 'F', '1962-04-05', 'via FONTOLAN 52 Monte Rinaldo', 'Aiello del Sabato', 'BORGAT-WOHLBANGONORINDA@email.it', '3386803882', '8274289129', 'BORGAT-WOHLBANGONORINDA@email.it');
INSERT INTO Person VALUES('2MKC6UZZ0126N', 'LUCCHESINI', 'SERENA SUZUE', 'F', '1966-10-01', 'via MONSORNO 24 Massino Visconti', 'Santa Maria di Sala', 'LUCCHESINISERENA SUZUE@email.it', '5639617094', '6250462954', 'LUCCHESINISERENA SUZUE@email.it');
INSERT INTO Person VALUES('ZPVUSUNH6GJYJ', 'SIAPIAN', 'GIANMATTEO', 'M', '1967-05-06', 'via TAURONE 65 Monte San Vito', 'Rocchetta Nervina', 'SIAPIANGIANMATTEO@email.it', '0047455124', '2458757857', 'SIAPIANGIANMATTEO@email.it');
INSERT INTO Person VALUES('XV2K0AUQQVLP5', 'MARIANI', 'ADIGE', 'F', '1960-10-08', 'via HARASYMIUK 62 Lisio', 'Brandizzo', 'MARIANIADIGE@email.it', '0536663474', '6624241004', 'MARIANIADIGE@email.it');
INSERT INTO Person VALUES('2B9F5I7EG88HK', 'MORSIANI', 'SIGIFREDO', 'M', '1986-12-01', 'via MATHLOUTHI 54 Settimo Rottaro', 'Codrongianos', 'MORSIANISIGIFREDO@email.it', '4512740610', '4122881363', 'MORSIANISIGIFREDO@email.it');
INSERT INTO Person VALUES('6QRXVVM10Z11G', 'EICHENBERGER', 'FIDELINA', 'F', '1959-10-14', 'via LABELLA 03 Peglio', 'Bitonto', 'EICHENBERGERFIDELINA@email.it', '3068731657', '9244656198', 'EICHENBERGERFIDELINA@email.it');
INSERT INTO Person VALUES('A3SRDS8TJNJNK', 'SERI', 'GENEROSO', 'M', '1964-07-27', 'via OLIVELLI 70 Polistena', 'Casaluce', 'SERIGENEROSO@email.it', '0143627099', '2308821133', 'SERIGENEROSO@email.it');
INSERT INTO Person VALUES('7PH79GFKQG2IJ', 'BIANCHI', 'CLARENZIO', 'M', '1985-05-10', 'via PUCCIOTTI 57 Balestrino', 'Bieno', 'BIANCHICLARENZIO@email.it', '4362217335', '6001435798', 'BIANCHICLARENZIO@email.it');
INSERT INTO Person VALUES('48D9DXWVUFRIV', 'GIORGIO', 'FELICETTO', 'M', '1985-12-13', 'via CASTAGNOLI 18 Monasterolo di Savigliano', 'Saccolongo', 'GIORGIOFELICETTO@email.it', '6120932220', '3481552203', 'GIORGIOFELICETTO@email.it');
INSERT INTO Person VALUES('XWS4IXIRTQBZH', 'VALENTE', 'PRASSITELE', 'M', '1966-01-24', 'via FERRARA 54 Baiano', 'Giave', 'VALENTEPRASSITELE@email.it', '6575599787', '3624534973', 'VALENTEPRASSITELE@email.it');
INSERT INTO Person VALUES('GL50QQX5TZRXK', 'MARTINELLI', 'DORIO', 'F', '1947-05-20', 'via BORGAT-WOHLBANG 34 Arrone', 'Parodi Ligure', 'MARTINELLIDORIO@email.it', '0999117323', '9037886025', 'MARTINELLIDORIO@email.it');
INSERT INTO Person VALUES('6C6QP147FAKOP', 'SANNA', 'AMPERIO', 'F', '1956-03-30', 'via PIAZZA 94 Seclì', 'Nova Ponente', 'SANNAAMPERIO@email.it', '7223265816', '1558423822', 'SANNAAMPERIO@email.it');
INSERT INTO Person VALUES('1TCFB8MFP9H7O', 'AZZARRI', 'NOVELLINA', 'F', '1951-08-10', 'via MAROCCHINI 62 Barano d^Ischia', 'Montecosaro', 'AZZARRINOVELLINA@email.it', '7163417497', '2660564574', 'AZZARRINOVELLINA@email.it');
INSERT INTO Person VALUES('PHA0768VCNQ3R', 'ARENA', 'SANTIN', 'M', '1968-01-29', 'via SORRENTINO 78 Cellara', 'Murisengo', 'ARENASANTIN@email.it', '1560198859', '6228804934', 'ARENASANTIN@email.it');
INSERT INTO Person VALUES('936EWEJX3EIFG', 'BARRUGA', 'JOSEFA KRYSTYNA', 'M', '1993-09-05', 'via TOSO 68 Matelica', 'Jenne', 'BARRUGAJOSEFA KRYSTYNA@email.it', '2151769580', '1185831246', 'BARRUGAJOSEFA KRYSTYNA@email.it');
INSERT INTO Person VALUES('OBXA7DTOSO1C6', 'RUSSO', 'LEVINA', 'F', '1959-09-28', 'via BELLETTINI 10 Mileto', 'Flaibano', 'RUSSOLEVINA@email.it', '4201335793', '8406719421', 'RUSSOLEVINA@email.it');
INSERT INTO Person VALUES('E97QFHFTDCX9D', 'MAURO', 'ANABEL', 'M', '1943-11-01', 'via LA SORDA 21 Ramponio Verna', 'Visso', 'MAUROANABEL@email.it', '1542732428', '4197430973', 'MAUROANABEL@email.it');
INSERT INTO Person VALUES('PNHGISRZL8B1B', 'SARPIERI', 'TRANQUILLO', 'M', '1975-03-19', 'via PULSONI 83 Furci', 'Cislago', 'SARPIERITRANQUILLO@email.it', '7944107369', '3314589933', 'SARPIERITRANQUILLO@email.it');
INSERT INTO Person VALUES('5LRLCOA7C1FQT', 'D^AMICO', 'TIMEA', 'M', '1988-06-14', 'via D^ALESSANDRO 57 Lastebasse', 'Torrebelvicino', 'D^AMICOTIMEA@email.it', '9957654803', '3457134548', 'D^AMICOTIMEA@email.it');
INSERT INTO Person VALUES('GP9AJXUI5WIUA', 'FRESCHI ', 'ODELIA', 'F', '1983-09-22', 'via FERRARO 94 Camagna Monferrato', 'Cassinasco', 'FRESCHI ODELIA@email.it', '3862719830', '6587621939', 'FRESCHI ODELIA@email.it');
INSERT INTO Person VALUES('T9KTQ0MJP6P31', 'POZZI', 'FEBBRINO', 'M', '1982-06-07', 'via DI LENA 41 Varisella', 'Odalengo Grande', 'POZZIFEBBRINO@email.it', '5290057276', '3009878914', 'POZZIFEBBRINO@email.it');
INSERT INTO Person VALUES('YI1M6T4YBAWE8', 'FASANO', 'CLORI', 'M', '1982-01-19', 'via VENEZIANO 32 San Lorenzo del Vallo', 'Nemoli', 'FASANOCLORI@email.it', '5866389748', '9376761638', 'FASANOCLORI@email.it');
INSERT INTO Person VALUES('KMGJJJ4KX0FMK', 'DORASCENZI', 'EDDA', 'M', '1948-08-03', 'via LIBERTO  94 Grottammare', 'Parenti', 'DORASCENZIEDDA@email.it', '5047939922', '2733081569', 'DORASCENZIEDDA@email.it');
INSERT INTO Person VALUES('YSZ9IVU4P2NLV', 'CASADEI', 'LUSSORIA', 'F', '1959-11-03', 'via ANDRONICO 62 San Canzian d^Isonzo', 'Barasso', 'CASADEILUSSORIA@email.it', '8854236819', '3595349673', 'CASADEILUSSORIA@email.it');
INSERT INTO Person VALUES('QNE3MMGYZ73B1', 'GUILLEN CRESPO', 'BEATRICE', 'F', '1952-08-08', 'via PICCOLO 24 Villastellone', 'Sava', 'GUILLEN CRESPOBEATRICE@email.it', '7835321194', '7739612579', 'GUILLEN CRESPOBEATRICE@email.it');
INSERT INTO Person VALUES('4YMSEGO7PZ1ZF', 'DE DOMENICO ', 'GIANNINO', 'M', '1981-06-19', 'via LAURENTI 10 San Gregorio da Sassola', 'Ghisalba', 'DE DOMENICO GIANNINO@email.it', '6804274583', '8176974242', 'DE DOMENICO GIANNINO@email.it');
INSERT INTO Person VALUES('DBJRSTC2HS9R4', 'BATTELLI', 'MODESTINO', 'M', '1945-10-15', 'via PALMIERI 71 Loiano', 'Rivalta Bormida', 'BATTELLIMODESTINO@email.it', '1803945748', '2739256936', 'BATTELLIMODESTINO@email.it');
INSERT INTO Person VALUES('V97ZEGJ5ENLH6', 'ROSATI', 'CATULLO', 'F', '1973-02-17', 'via ALFANO 80 Gressan', 'Siamaggiore', 'ROSATICATULLO@email.it', '7036857100', '5609573011', 'ROSATICATULLO@email.it');
INSERT INTO Person VALUES('RMFRDSUUB4SZT', 'ZEPPONI', 'NUTA', 'M', '1943-05-13', 'via CASTAGNA 98 Canazei', 'Loiano', 'ZEPPONINUTA@email.it', '2763752008', '7131348770', 'ZEPPONINUTA@email.it');
INSERT INTO Person VALUES('JVWA9D9Q6PGLJ', 'LOMBARDI', 'SOLFERINO', 'M', '1961-06-29', 'via PIRAS 97 Longiano', 'Roccascalegna', 'LOMBARDISOLFERINO@email.it', '1369935868', '0288849768', 'LOMBARDISOLFERINO@email.it');
INSERT INTO Person VALUES('CRONL45YAYMPK', 'VACCARO', 'AVENTINO', 'M', '1979-05-10', 'via KAMAL 38 Agnana Calabra', 'Stra', 'VACCAROAVENTINO@email.it', '8653240924', '5242142888', 'VACCAROAVENTINO@email.it');
INSERT INTO Person VALUES('7D7ZT0NE50XDJ', 'KOSEK', 'ERMIDE', 'F', '1959-11-18', 'via MONTEVECCHI 47 Giarole', 'Cerva', 'KOSEKERMIDE@email.it', '2500258103', '8318522150', 'KOSEKERMIDE@email.it');
INSERT INTO Person VALUES('D7TV6DAKFWZIR', 'CARDINETTI', 'VALDINO', 'M', '1958-03-22', 'via PRACUCCI 86 Casalvecchio Siculo', 'Tornaco', 'CARDINETTIVALDINO@email.it', '5248940204', '3624893094', 'CARDINETTIVALDINO@email.it');
INSERT INTO Person VALUES('521R81PMYU79Q', 'BORRELLI', 'CHIARETTA', 'F', '1992-12-22', 'via BLASI 03 Monte Giberto', 'Rossano', 'BORRELLICHIARETTA@email.it', '0209715511', '8631202258', 'BORRELLICHIARETTA@email.it');
INSERT INTO Person VALUES('2EFAYRW99ERDS', 'MESSINA', 'NAZZARINO', 'M', '1946-11-01', 'via DI SIPIO 26 Noepoli', 'Sergnano', 'MESSINANAZZARINO@email.it', '5867183886', '4351420211', 'MESSINANAZZARINO@email.it');
INSERT INTO Person VALUES('RSWW34QOADFTJ', 'GIORGI', 'VITTORIO', 'F', '1941-11-06', 'via PELLICCIA 41 Cagliari', 'Amalfi', 'GIORGIVITTORIO@email.it', '6924199759', '6108266845', 'GIORGIVITTORIO@email.it');
INSERT INTO Person VALUES('TKUQS2N0DOPOV', 'VITALE', 'FAIZA', 'M', '1977-02-21', 'via ANDRONICO 29 Portalbera', 'Trecastagni', 'VITALEFAIZA@email.it', '0264790739', '2814997627', 'VITALEFAIZA@email.it');
INSERT INTO Person VALUES('YE35B4JTUD52K', 'CAPUTO', 'REALMO', 'M', '1960-06-19', 'via SANNA 98 Copparo', 'Moso in Passiria', 'CAPUTOREALMO@email.it', '3671735144', '6285460590', 'CAPUTOREALMO@email.it');
INSERT INTO Person VALUES('X4DIV0EIW3I45', 'DALLAGO', 'GIOIELE', 'F', '1947-02-17', 'via FOCACCIA 10 Casandrino', 'Tonezza del Cimone', 'DALLAGOGIOIELE@email.it', '7933770174', '4788847724', 'DALLAGOGIOIELE@email.it');
INSERT INTO Person VALUES('P7IKP51HHV7S3', 'FILAGNA', 'FERILDO', 'M', '1995-01-25', 'via DOMENICALI 47 Giarre', 'Arquata del Tronto', 'FILAGNAFERILDO@email.it', '2626174050', '8089189114', 'FILAGNAFERILDO@email.it');
INSERT INTO Person VALUES('PEI9K8B5K2W2N', 'RUSSO', 'CARMINELLA', 'F', '1974-03-25', 'via BAIANO 81 Travacò Siccomario', 'Cattolica', 'RUSSOCARMINELLA@email.it', '1374327982', '6369980954', 'RUSSOCARMINELLA@email.it');
INSERT INTO Person VALUES('V0IRCGCQD5F56', 'TORRACA', 'ROMANINO', 'F', '1968-12-24', 'via SIMONI 39 Sambuca Pistoiese', 'Santo Stefano Roero', 'TORRACAROMANINO@email.it', '1470212284', '5221951133', 'TORRACAROMANINO@email.it');
INSERT INTO Person VALUES('S59XZPEEBNJLS', 'BAGNAIA', 'CESAREO', 'F', '1984-12-18', 'via TESTA 28 Ampezzo', 'Rocchetta di Vara', 'BAGNAIACESAREO@email.it', '6483018893', '7491217612', 'BAGNAIACESAREO@email.it');
INSERT INTO Person VALUES('PD4S61A1B8F73', 'JEBRANE', 'CELLINO', 'M', '1976-03-04', 'via ANDRONICO 50 Guardabosone', 'Mondragone', 'JEBRANECELLINO@email.it', '4170095011', '0976773507', 'JEBRANECELLINO@email.it');
INSERT INTO Person VALUES('UGBLSHZFX8WFG', 'FERRARI', 'OTEA', 'M', '1971-03-07', 'via FONTANILLA 53 Gaggio Montano', 'Erli', 'FERRARIOTEA@email.it', '1920239999', '5992485922', 'FERRARIOTEA@email.it');
INSERT INTO Person VALUES('G0GU6AGDYK7Q3', 'DE LUCA', 'BELTRAME', 'F', '1996-09-17', 'via JEBRANE 75 Povegliano Veronese', 'Pecetto Torinese', 'DE LUCABELTRAME@email.it', '2187529320', '3641906386', 'DE LUCABELTRAME@email.it');
INSERT INTO Person VALUES('JEEPVZVF84XYJ', 'D^AMICO', 'ZELIA', 'F', '1988-02-27', 'via PETRITOLI 39 Varco Sabino', 'Vezza d^Alba', 'D^AMICOZELIA@email.it', '0073680050', '6538460485', 'D^AMICOZELIA@email.it');
INSERT INTO Person VALUES('CE9TYRYI0N7FI', 'MINUZ', 'FATIMA  AP.', 'M', '1995-03-26', 'via CONTE 93 Poli', 'Giaveno', 'MINUZFATIMA  AP.@email.it', '2946708922', '0915710118', 'MINUZFATIMA  AP.@email.it');
INSERT INTO Person VALUES('5IXV3AEFTB14O', 'CARINA', 'EUTIMIO', 'M', '1995-05-08', 'via PISACANE 02 Stefanaconi', 'Casei Gerola', 'CARINAEUTIMIO@email.it', '8392668859', '2197222827', 'CARINAEUTIMIO@email.it');
INSERT INTO Person VALUES('0B89SHP2P4GTA', 'ABU', 'OTELLIA', 'F', '1979-01-03', 'via SALAMONE  51 Borgetto', 'Penna Sant^Andrea', 'ABUOTELLIA@email.it', '2978120366', '8974847845', 'ABUOTELLIA@email.it');
INSERT INTO Person VALUES('4OE91XYJVW00M', 'BOES', 'ZELDA', 'F', '1961-12-15', 'via FRATINI 21 Seregno', 'Cameri', 'BOESZELDA@email.it', '0815464437', '9954525120', 'BOESZELDA@email.it');
INSERT INTO Person VALUES('DEX3SIPPB72FV', 'TERRACCIANO', 'SCINTILLA', 'F', '1983-04-13', 'via GENTILI 74 Nomaglio', 'Ostana', 'TERRACCIANOSCINTILLA@email.it', '5451587001', '4702180379', 'TERRACCIANOSCINTILLA@email.it');
INSERT INTO Person VALUES('WOONLJ11I5KES', 'DE FLORIO', 'AMOROSO', 'M', '1951-03-24', 'via GIULIANI 13 Solaro', 'Petrella Tifernina', 'DE FLORIOAMOROSO@email.it', '3412652141', '2005427275', 'DE FLORIOAMOROSO@email.it');
INSERT INTO Person VALUES('LP0VTM9WF9TSS', 'SARTORI', 'ERNALDO', 'F', '1945-11-05', 'via PASCUCCI 97 Danta di Cadore', 'Casalmaiocco', 'SARTORIERNALDO@email.it', '6938289200', '8889188784', 'SARTORIERNALDO@email.it');
INSERT INTO Person VALUES('JT2EKJN8GWB1J', 'PALMA ', 'VETURIO', 'M', '1991-01-09', 'via STRAZZANTI 29 Airasca', 'Castelluccio Inferiore', 'PALMA VETURIO@email.it', '4266917815', '0206744934', 'PALMA VETURIO@email.it');
INSERT INTO Person VALUES('IKRDZTXPXFHTK', 'BASSOLINO', 'CATINA', 'M', '1948-04-12', 'via VANNOZZI 74 Pontebba', 'Laviano', 'BASSOLINOCATINA@email.it', '6242745687', '0811855092', 'BASSOLINOCATINA@email.it');
INSERT INTO Person VALUES('E8ZK2GFALFFSK', 'FERRARO', 'RICIOTTI', 'M', '1992-05-20', 'via LORUSSO 65 Soiano del Lago', 'Baratili San Pietro', 'FERRARORICIOTTI@email.it', '9344166526', '3664974224', 'FERRARORICIOTTI@email.it');
INSERT INTO Person VALUES('HY4D92PGJS0XS', 'SARTORI', 'ANELLINA', 'M', '1964-02-16', 'via PEREIRA DE CASTRO 76 Masserano', 'Montelepre', 'SARTORIANELLINA@email.it', '2334617281', '3885939051', 'SARTORIANELLINA@email.it');
INSERT INTO Person VALUES('L2DG85MAUT4VH', 'CASTELLI', 'IACOPO', 'F', '1992-02-19', 'via FELICI 03 Bondeno', 'Alfiano Natta', 'CASTELLIIACOPO@email.it', '6798123195', '3217706017', 'CASTELLIIACOPO@email.it');
INSERT INTO Person VALUES('PE83LNNWG6EFZ', 'FONTANELLA', 'AUGUSTINO', 'F', '1987-04-16', 'via PERRONE 71 Gorgonzola', 'Gattico', 'FONTANELLAAUGUSTINO@email.it', '6581924758', '5085107082', 'FONTANELLAAUGUSTINO@email.it');
INSERT INTO Person VALUES('U9T3ESVCIHBVN', 'CALLEGARINI', 'ZINO', 'M', '1990-12-27', 'via NAPOLITANO 84 Stazzema', 'Sant^Antonio Abate', 'CALLEGARINIZINO@email.it', '2753859891', '1309989691', 'CALLEGARINIZINO@email.it');
INSERT INTO Person VALUES('KP6JTGLAF0IO5', 'HARYADI', 'AMERIO', 'F', '1957-11-03', 'via CARBONE 89 Casaletto Ceredano', 'Blera', 'HARYADIAMERIO@email.it', '6584151248', '6306462323', 'HARYADIAMERIO@email.it');
INSERT INTO Person VALUES('VDZ8JRH6W5XIQ', 'CATTANEO', 'AUDACE', 'M', '1942-12-26', 'via DE SIMONE 27 Lipomo', 'Cravagliana', 'CATTANEOAUDACE@email.it', '3584965483', '6179974155', 'CATTANEOAUDACE@email.it');
INSERT INTO Person VALUES('6PTVNXOL625OM', 'CALIGIURI', 'ANDRETTA', 'M', '1958-01-04', 'via MOHAMMED 36 Frassinelle Polesine', 'Anzano del Parco', 'CALIGIURIANDRETTA@email.it', '3656627829', '4863988328', 'CALIGIURIANDRETTA@email.it');
INSERT INTO Person VALUES('6XTICAMEVJR5H', 'BAZZOCCHI', 'CARISSIMO', 'F', '1958-05-29', 'via GIANNETTI 82 Como', 'Buseto Palizzolo', 'BAZZOCCHICARISSIMO@email.it', '8787459327', '5186080264', 'BAZZOCCHICARISSIMO@email.it');
INSERT INTO Person VALUES('4RD2VREVNEZAQ', 'SERRA', 'FILASTRO', 'M', '1941-02-28', 'via ARENA 44 Sardara', 'Savigliano', 'SERRAFILASTRO@email.it', '6646340343', '0855769047', 'SERRAFILASTRO@email.it');
INSERT INTO Person VALUES('S3P7IIWDO0CFY', 'MESSINA', 'PINELLA', 'M', '1988-07-10', 'via VALVANO 38 Vestone', 'Bagolino', 'MESSINAPINELLA@email.it', '5178218881', '8192584382', 'MESSINAPINELLA@email.it');
INSERT INTO Person VALUES('09O684CNJNIXT', 'PAOLINI', 'CESARIO', 'M', '1966-11-18', 'via MARRA 90 Morro Reatino', 'Bordolano', 'PAOLINICESARIO@email.it', '4527749120', '2062857479', 'PAOLINICESARIO@email.it');
INSERT INTO Person VALUES('0TKA1RQLYGRIH', 'CELLINI', 'ISIDORA', 'F', '1962-10-04', 'via SPEZIALE 46 Venasca', 'Trezzo Tinella', 'CELLINIISIDORA@email.it', '7239586794', '6666566778', 'CELLINIISIDORA@email.it');
INSERT INTO Person VALUES('237VRUE4XWKBB', 'RUSSO', 'MARETTO', 'M', '1997-03-14', 'via PALUMBO 90 Quinto di Treviso', 'Castelmarte', 'RUSSOMARETTO@email.it', '2817042713', '7468948305', 'RUSSOMARETTO@email.it');
INSERT INTO Person VALUES('26I9KVQAHT4KJ', 'GAMBERINI', 'FIORENTE', 'M', '1976-01-03', 'via RICCI 84 Varmo', 'Siziano', 'GAMBERINIFIORENTE@email.it', '0132348085', '7560609408', 'GAMBERINIFIORENTE@email.it');
INSERT INTO Person VALUES('ABCDEF60R21F012U', 'Rossi', 'Mario', 'M', '1960-10-21', 'Via Giuseppe Mazzini 3, Feltre', 'Via Giuseppe Mazzini 3, Feltre', 'mario.rossi@gmail.com', '333123456', null, null);
INSERT INTO Person VALUES('58S8Q5MH8VUPB', 'LONGO', 'ALBINO', 'M', '1998-12-09', 'via TOSOLINI 47 Supino', 'Lesignano de^ Bagni', 'LONGOALBINO@email.it', '8151121870', '8289933504', 'LONGOALBINO@email.it');
INSERT INTO TouristicActivity VALUES(1, 'Visita Cantine', 30.0);
INSERT INTO TouristicActivity VALUES(2, 'Aperitivo', 20.0);
INSERT INTO TouristicActivity VALUES(3, 'Storia famiglia', 7.3);
INSERT INTO TouristicActivity VALUES(4, 'Visita Produzione', 25.0);
INSERT INTO TouristicActivity VALUES(5, 'Visita Imbottigliamento', 5.0);
INSERT INTO TouristicActivity VALUES(6, 'Visita negozio', 15.0);
INSERT INTO Groups VALUES(1, 'Red');
INSERT INTO Groups VALUES(2, 'Black');
INSERT INTO Groups VALUES(3, 'Yellow');
INSERT INTO Groups VALUES(4, 'Blue');
INSERT INTO Groups VALUES(5, 'White');
INSERT INTO Groups VALUES(6, 'Green');
INSERT INTO Groups VALUES(7, 'Red');
INSERT INTO Groups VALUES(8, 'Black');
INSERT INTO Groups VALUES(9, 'Yellow');
INSERT INTO Groups VALUES(10, 'Blue');
INSERT INTO Groups VALUES(11, 'White');
INSERT INTO Groups VALUES(12, 'Green');
INSERT INTO Media VALUES(1, 'WhatsApp');
INSERT INTO Media VALUES(2, 'Email');
INSERT INTO Media VALUES(3, 'Facebook');
INSERT INTO Campaign VALUES(1, 'Natale 17', '2017-12-25');
INSERT INTO Campaign VALUES(2, 'FestaPap… 17', '2017-03-19');
INSERT INTO Campaign VALUES(3, 'FestaPap… 18', '2018-03-19');
INSERT INTO Campaign VALUES(4, 'ScontiInvernali 17', '2017-12-01');
INSERT INTO Campaign VALUES(5, 'Sconti Primavera 18', '2018-03-21');
INSERT INTO Topic VALUES(1, 'Festa pap…');
INSERT INTO Topic VALUES(2, 'Natale');
INSERT INTO Topic VALUES(3, 'Pasqua');
INSERT INTO Topic VALUES(4, 'Promo -50');
INSERT INTO Topic VALUES(5, 'Promo grappa');
INSERT INTO Tour VALUES(1, '2018-05-17 09:00:00.0', 1, 'FX9KJNPSFRKSL');
INSERT INTO Tour VALUES(2, '2018-05-17 12:00:00.0', 2, 'FX9KJNPSFRKSL');
INSERT INTO Compose VALUES(1, '2018-05-17 09:05:00.0', '2018-05-17 09:30:00.0', 1, 1);
INSERT INTO Compose VALUES(2, '2018-05-17 09:35:00.0', '2018-05-17 10:00:00.0', 1, 2);
INSERT INTO Compose VALUES(1, '2018-05-17 12:05:00.0', '2018-05-17 12:40:00.0', 2, 1);
INSERT INTO Compose VALUES(2, '2018-05-17 12:45:00.0', '2018-05-17 13:00:00.0', 2, 3);
INSERT INTO Compose VALUES(3, '2018-05-17 13:05:00.0', '2018-05-17 13:30:00.0', 2, 4);
INSERT INTO IsOn VALUES(1, 1, 'Buon natale dalla tua Distillery!');
INSERT INTO IsOn VALUES(2, 1, 'Buona festa del pap… dalla tua Distillery!');
INSERT INTO IsAbout VALUES(1, 2);
INSERT INTO IsAbout VALUES(2, 1);
INSERT INTO IsDirectedTo VALUES(1, 'JSCV2753B7GB5');
INSERT INTO IsDirectedTo VALUES(1, 'AO9XAC8KIWAEA');
INSERT INTO IsDirectedTo VALUES(1, 'RXOSBAFP9U1CP');
INSERT INTO IsDirectedTo VALUES(1, '6JKID11AOK502');
INSERT INTO IsDirectedTo VALUES(1, 'Q3L5HJF5YE2BK');
INSERT INTO IsDirectedTo VALUES(1, 'DES19PMCJZI4C');
INSERT INTO IsDirectedTo VALUES(2, '4IUVTLQ71ZMPU');
INSERT INTO Forms VALUES(1, 'JSCV2753B7GB5');
INSERT INTO Forms VALUES(1, 'AO9XAC8KIWAEA');
INSERT INTO Forms VALUES(1, 'RXOSBAFP9U1CP');
INSERT INTO Forms VALUES(1, '6JKID11AOK502');
INSERT INTO Forms VALUES(1, 'Q3L5HJF5YE2BK');
INSERT INTO Forms VALUES(1, 'DES19PMCJZI4C');
INSERT INTO Forms VALUES(2, '6JKID11AOK502');
INSERT INTO Forms VALUES(2, 'Q3L5HJF5YE2BK');
INSERT INTO Forms VALUES(2, 'BZU1EPCCYMYHT');
INSERT INTO Forms VALUES(2, '4IUVTLQ71ZMPU');
INSERT INTO WorkStation VALUES(0);
INSERT INTO WorkStation VALUES(1);
INSERT INTO WorkStation VALUES(2);
INSERT INTO WorkStation VALUES(3);
INSERT INTO WorkStation VALUES(4);
INSERT INTO WorkStation VALUES(5);
INSERT INTO WorkStation VALUES(6);
INSERT INTO WorkStation VALUES(7);
INSERT INTO WorkStation VALUES(8);
INSERT INTO WorkStation VALUES(9);
INSERT INTO WorkStation VALUES(10);
INSERT INTO WorkStation VALUES(11);
INSERT INTO WorkStation VALUES(12);
INSERT INTO WorkStation VALUES(13);
INSERT INTO WorkStation VALUES(14);
INSERT INTO WorkStation VALUES(15);
INSERT INTO WorkStation VALUES(16);
INSERT INTO WorkStation VALUES(17);
INSERT INTO WorkStation VALUES(18);
INSERT INTO WorkStation VALUES(19);
INSERT INTO WorkingActivity VALUES(2, 'Cognac Fermentation', 'Cognac fermentation activity');
INSERT INTO WorkingActivity VALUES(3, 'Brandy Fermentation', 'Brandy fermentation activity');
INSERT INTO WorkingActivity VALUES(4, 'Grappa Fermentation', 'Grappa fermentation activity');
INSERT INTO WorkingActivity VALUES(5, 'Vodka Fermentation', 'Vodka fermentation activity');
INSERT INTO WorkingActivity VALUES(6, 'Vodka Distillation', 'Vodka distillation activity');
INSERT INTO WorkingActivity VALUES(7, 'Cognac Distillation 1', 'Cognac first distillation activity');
INSERT INTO WorkingActivity VALUES(8, 'Cognac Distillation 2', 'Cognac second distillation activity');
INSERT INTO WorkingActivity VALUES(9, 'Brandy Distillation', 'Brandy distillation activity');
INSERT INTO WorkingActivity VALUES(10, 'Grappa Distillation', 'Grappa distillation activity');
INSERT INTO WorkingActivity VALUES(11, 'Brandy Dilution', 'Brandy dilution activity');
INSERT INTO WorkingActivity VALUES(12, 'Cognac Dilution', 'Cognac dilution activity');
INSERT INTO WorkingActivity VALUES(13, 'Grappa Dilution', 'Grappa dilution activity');
INSERT INTO WorkingActivity VALUES(14, 'Vodka Dilution', 'Vodka dilution activity');
INSERT INTO WorkingActivity VALUES(15, 'Brandy Aging', 'Brandy aging activity');
INSERT INTO WorkingActivity VALUES(16, 'Cognac Aging', 'Cognac aging activity');
INSERT INTO WorkingActivity VALUES(17, 'Grappa Aging', 'Grappa aging activity');
INSERT INTO WorkingActivity VALUES(18, 'Brandy Bottling', 'Brandy bottling activity');
INSERT INTO WorkingActivity VALUES(19, 'Cognac Bottling', 'Cognac bottling activity');
INSERT INTO WorkingActivity VALUES(20, 'Grappa Bottling', 'Grappa bottling activity');
INSERT INTO WorkingActivity VALUES(21, 'Vodka Bottling', 'Vodka bottling activity');
INSERT INTO RawMaterial VALUES(2, 'Red wine', 40);
INSERT INTO RawMaterial VALUES(1, 'White wine', 40);
INSERT INTO RawMaterial VALUES(4, 'Marc', 40);
INSERT INTO RawMaterial VALUES(3, 'Rose wine', 40);
INSERT INTO RawMaterial VALUES(6, 'Trebbiano', 40);
INSERT INTO RawMaterial VALUES(5, 'Dregs', 40);
INSERT INTO RawMaterial VALUES(8, 'Rye', 40);
INSERT INTO RawMaterial VALUES(7, 'Barley', 40);
INSERT INTO RawMaterial VALUES(10, 'Potatoes', 40);
INSERT INTO RawMaterial VALUES(9, 'Wheat', 40);
INSERT INTO RawMaterial VALUES(11, 'Water', 200);
INSERT INTO Barrel VALUES(4, 'durmast', 20);
INSERT INTO Barrel VALUES(5, 'oak tree', 20);
INSERT INTO Barrel VALUES(6, 'durmast', 20);
INSERT INTO Barrel VALUES(7, 'oak tree', 20);
INSERT INTO Barrel VALUES(8, 'durmast', 20);
INSERT INTO Barrel VALUES(9, 'oak tree', 20);
INSERT INTO Barrel VALUES(10, 'durmast', 20);
INSERT INTO Barrel VALUES(11, 'oak tree', 20);
INSERT INTO Barrel VALUES(12, 'durmast', 20);
INSERT INTO Barrel VALUES(13, 'oak tree', 20);
INSERT INTO Barrel VALUES(14, 'durmast', 20);
INSERT INTO Barrel VALUES(15, 'oak tree', 20);
INSERT INTO Barrel VALUES(16, 'durmast', 20);
INSERT INTO Barrel VALUES(17, 'oak tree', 20);
INSERT INTO Barrel VALUES(18, 'durmast', 20);
INSERT INTO Barrel VALUES(19, 'oak tree', 20);
INSERT INTO Barrel VALUES(20, 'durmast', 20);
INSERT INTO Barrel VALUES(21, 'oak tree', 20);
INSERT INTO Barrel VALUES(22, 'durmast', 20);
INSERT INTO Barrel VALUES(23, 'oak tree', 20);
INSERT INTO Barrel VALUES(24, 'durmast', 20);
INSERT INTO Barrel VALUES(25, 'oak tree', 20);
INSERT INTO Barrel VALUES(26, 'durmast', 20);
INSERT INTO Barrel VALUES(27, 'oak tree', 20);
INSERT INTO Barrel VALUES(28, 'durmast', 20);
INSERT INTO Barrel VALUES(29, 'oak tree', 20);
INSERT INTO Barrel VALUES(30, 'durmast', 20);
INSERT INTO Barrel VALUES(31, 'oak tree', 20);
INSERT INTO Barrel VALUES(32, 'durmast', 20);
INSERT INTO Barrel VALUES(33, 'oak tree', 20);
INSERT INTO Barrel VALUES(34, 'durmast', 20);
INSERT INTO Barrel VALUES(35, 'oak tree', 20);
INSERT INTO Barrel VALUES(36, 'durmast', 20);
INSERT INTO Barrel VALUES(37, 'oak tree', 20);
INSERT INTO Barrel VALUES(38, 'durmast', 20);
INSERT INTO Barrel VALUES(39, 'oak tree', 20);
INSERT INTO Barrel VALUES(40, 'durmast', 20);
INSERT INTO Barrel VALUES(41, 'oak tree', 20);
INSERT INTO Barrel VALUES(42, 'durmast', 20);
INSERT INTO Barrel VALUES(43, 'oak tree', 20);
INSERT INTO Instrument VALUES(3, 'Caldaietta', 0);
INSERT INTO Instrument VALUES(4, 'Colonna', 0);
INSERT INTO Instrument VALUES(5, 'Condensatore', 0);
INSERT INTO Instrument VALUES(6, 'Mirusatore fiscale', 0);
INSERT INTO Instrument VALUES(7, 'Caldaietta', 1);
INSERT INTO Instrument VALUES(8, 'Colonna', 1);
INSERT INTO Instrument VALUES(9, 'Condensatore', 1);
INSERT INTO Instrument VALUES(10, 'Mirusatore fiscale', 1);
INSERT INTO Instrument VALUES(11, 'Caldaietta', 2);
INSERT INTO Instrument VALUES(12, 'Colonna', 2);
INSERT INTO Instrument VALUES(13, 'Condensatore', 2);
INSERT INTO Instrument VALUES(14, 'Mirusatore fiscale', 2);
INSERT INTO Instrument VALUES(15, 'Caldaietta', 3);
INSERT INTO Instrument VALUES(16, 'Colonna', 3);
INSERT INTO Instrument VALUES(17, 'Condensatore', 3);
INSERT INTO Instrument VALUES(18, 'Mirusatore fiscale', 3);
INSERT INTO Instrument VALUES(19, 'Caldaietta', 4);
INSERT INTO Instrument VALUES(20, 'Colonna', 4);
INSERT INTO Instrument VALUES(21, 'Condensatore', 4);
INSERT INTO Instrument VALUES(22, 'Mirusatore fiscale', 4);
INSERT INTO Instrument VALUES(23, 'Caldaietta', 5);
INSERT INTO Instrument VALUES(24, 'Colonna', 5);
INSERT INTO Instrument VALUES(25, 'Condensatore', 5);
INSERT INTO Instrument VALUES(26, 'Mirusatore fiscale', 5);
INSERT INTO Instrument VALUES(27, 'Caldaietta', 6);
INSERT INTO Instrument VALUES(28, 'Colonna', 6);
INSERT INTO Instrument VALUES(29, 'Condensatore', 6);
INSERT INTO Instrument VALUES(30, 'Mirusatore fiscale', 6);
INSERT INTO Instrument VALUES(31, 'Caldaietta', 7);
INSERT INTO Instrument VALUES(32, 'Colonna', 7);
INSERT INTO Instrument VALUES(33, 'Condensatore', 7);
INSERT INTO Instrument VALUES(34, 'Mirusatore fiscale', 7);
INSERT INTO Instrument VALUES(35, 'Caldaietta', 8);
INSERT INTO Instrument VALUES(36, 'Colonna', 8);
INSERT INTO Instrument VALUES(37, 'Condensatore', 8);
INSERT INTO Instrument VALUES(38, 'Mirusatore fiscale', 8);
INSERT INTO Instrument VALUES(39, 'Caldaietta', 9);
INSERT INTO Instrument VALUES(40, 'Colonna', 9);
INSERT INTO Instrument VALUES(41, 'Condensatore', 9);
INSERT INTO Instrument VALUES(42, 'Mirusatore fiscale', 9);
INSERT INTO Instrument VALUES(43, 'Caldaietta', 10);
INSERT INTO Instrument VALUES(44, 'Colonna', 10);
INSERT INTO Instrument VALUES(45, 'Condensatore', 10);
INSERT INTO Instrument VALUES(46, 'Mirusatore fiscale', 10);
INSERT INTO Instrument VALUES(47, 'Caldaietta', 11);
INSERT INTO Instrument VALUES(48, 'Colonna', 11);
INSERT INTO Instrument VALUES(49, 'Condensatore', 11);
INSERT INTO Instrument VALUES(50, 'Mirusatore fiscale', 11);
INSERT INTO Instrument VALUES(51, 'Caldaietta', 12);
INSERT INTO Instrument VALUES(52, 'Colonna', 12);
INSERT INTO Instrument VALUES(53, 'Condensatore', 12);
INSERT INTO Instrument VALUES(54, 'Mirusatore fiscale', 12);
INSERT INTO Instrument VALUES(55, 'Caldaietta', 13);
INSERT INTO Instrument VALUES(56, 'Colonna', 13);
INSERT INTO Instrument VALUES(57, 'Condensatore', 13);
INSERT INTO Instrument VALUES(58, 'Mirusatore fiscale', 13);
INSERT INTO Instrument VALUES(59, 'Caldaietta', 14);
INSERT INTO Instrument VALUES(60, 'Colonna', 14);
INSERT INTO Instrument VALUES(61, 'Condensatore', 14);
INSERT INTO Instrument VALUES(62, 'Mirusatore fiscale', 14);
INSERT INTO Instrument VALUES(63, 'Caldaietta', 15);
INSERT INTO Instrument VALUES(64, 'Colonna', 15);
INSERT INTO Instrument VALUES(65, 'Condensatore', 15);
INSERT INTO Instrument VALUES(66, 'Mirusatore fiscale', 15);
INSERT INTO Instrument VALUES(67, 'Caldaietta', 16);
INSERT INTO Instrument VALUES(68, 'Colonna', 16);
INSERT INTO Instrument VALUES(69, 'Condensatore', 16);
INSERT INTO Instrument VALUES(70, 'Mirusatore fiscale', 16);
INSERT INTO Instrument VALUES(71, 'Caldaietta', 17);
INSERT INTO Instrument VALUES(72, 'Colonna', 17);
INSERT INTO Instrument VALUES(73, 'Condensatore', 17);
INSERT INTO Instrument VALUES(74, 'Mirusatore fiscale', 17);
INSERT INTO Instrument VALUES(75, 'Caldaietta', 18);
INSERT INTO Instrument VALUES(76, 'Colonna', 18);
INSERT INTO Instrument VALUES(77, 'Condensatore', 18);
INSERT INTO Instrument VALUES(78, 'Mirusatore fiscale', 18);
INSERT INTO Instrument VALUES(79, 'Caldaietta', 19);
INSERT INTO Instrument VALUES(80, 'Colonna', 19);
INSERT INTO Instrument VALUES(81, 'Condensatore', 19);
INSERT INTO Instrument VALUES(82, 'Mirusatore fiscale', 19);
INSERT INTO Batch VALUES(1, 4);
INSERT INTO Batch VALUES(2, 6);
INSERT INTO Participate VALUES(1, 4, '09O684CNJNIXT', '2018-05-16 08:00:00.0', '2018-05-16 12:00:00.0');
INSERT INTO Participate VALUES(1, 4, '26I9KVQAHT4KJ', '2018-05-16 08:00:00.0', '2018-05-16 12:00:00.0');
INSERT INTO Participate VALUES(1, 10, '4RD2VREVNEZAQ', '2018-05-16 12:00:00.0', '2018-05-16 14:00:00.0');
INSERT INTO Participate VALUES(1, 10, '4YMSEGO7PZ1ZF', '2018-05-16 12:00:00.0', '2018-05-16 14:00:00.0');
INSERT INTO Participate VALUES(1, 13, '57UA015H3E4A1', '2018-05-16 14:00:00.0', '2018-05-16 16:00:00.0');
INSERT INTO Participate VALUES(1, 13, '58S8Q5MH8VUPB', '2018-05-16 14:00:00.0', '2018-05-16 16:00:00.0');
INSERT INTO Participate VALUES(1, 20, '4YMSEGO7PZ1ZF', '2019-05-16 08:00:00.0', '2019-05-16 10:00:00.0');
INSERT INTO Participate VALUES(1, 20, '4RD2VREVNEZAQ', '2019-05-16 08:00:00.0', '2019-05-16 10:00:00.0');
INSERT INTO Participate VALUES(1, 20, '26I9KVQAHT4KJ', '2019-05-16 08:00:00.0', '2019-05-16 10:00:00.0');
INSERT INTO Participate VALUES(1, 20, '09O684CNJNIXT', '2019-05-16 08:00:00.0', '2019-05-16 10:00:00.0');
INSERT INTO Participate VALUES(1, 17, 'AO9XAC8KIWAEA', '2018-05-16 16:00:00.0', '2018-05-16 18:00:00.0');
INSERT INTO Participate VALUES(1, 17, 'CE9TYRYI0N7FI', '2018-05-16 16:00:00.0', '2018-05-16 18:00:00.0');
INSERT INTO Participate VALUES(2, 2, 'FX9KJNPSFRKSL', '2018-05-17 08:00:00.0', '2018-05-17 12:00:00.0');
INSERT INTO Participate VALUES(2, 2, 'G0GU6AGDYK7Q3', '2018-05-17 08:00:00.0', '2018-05-17 12:00:00.0');
INSERT INTO Participate VALUES(2, 7, 'GL50QQX5TZRXK', '2018-05-17 12:00:00.0', '2018-05-17 14:00:00.0');
INSERT INTO Participate VALUES(2, 7, 'GP9AJXUI5WIUA', '2018-05-17 12:00:00.0', '2018-05-17 14:00:00.0');
INSERT INTO Participate VALUES(2, 8, 'GL50QQX5TZRXK', '2018-05-17 12:00:00.0', '2018-05-17 14:00:00.0');
INSERT INTO Participate VALUES(2, 8, 'GP9AJXUI5WIUA', '2018-05-17 12:00:00.0', '2018-05-17 14:00:00.0');
INSERT INTO States VALUES(1, 4, 2);
INSERT INTO States VALUES(1, 10, 2);
INSERT INTO States VALUES(1, 13, 2);
INSERT INTO States VALUES(1, 17, 2);
INSERT INTO States VALUES(2, 2, 2);
INSERT INTO States VALUES(2, 7, 2);
INSERT INTO States VALUES(2, 8, 3);
INSERT INTO Recipe VALUES(1, 'Brandy', 60);
INSERT INTO Recipe VALUES(2, 'Cognac', 50);
INSERT INTO Recipe VALUES(3, 'Grappa', 50);
INSERT INTO Recipe VALUES(4, 'Vodka', 70);
INSERT INTO Determine VALUES(3, 1, 1);
INSERT INTO Determine VALUES(2, 2, 1);
INSERT INTO Determine VALUES(4, 3, 1);
INSERT INTO Determine VALUES(5, 4, 1);
INSERT INTO Determine VALUES(9, 1, 2);
INSERT INTO Determine VALUES(11, 1, 3);
INSERT INTO Determine VALUES(15, 1, 4);
INSERT INTO Determine VALUES(7, 2, 2);
INSERT INTO Determine VALUES(8, 2, 3);
INSERT INTO Determine VALUES(12, 2, 4);
INSERT INTO Determine VALUES(16, 2, 5);
INSERT INTO Determine VALUES(6, 4, 2);
INSERT INTO Determine VALUES(14, 4, 3);
INSERT INTO Determine VALUES(10, 3, 2);
INSERT INTO Determine VALUES(13, 3, 3);
INSERT INTO Determine VALUES(17, 3, 4);
INSERT INTO Bottling VALUES(18, 40);
INSERT INTO Bottling VALUES(19, 60);
INSERT INTO Bottling VALUES(20, 20);
INSERT INTO Bottling VALUES(21, 80);
INSERT INTO Bottle VALUES(1, 'Brandy 0.8', 1, 24.50, 800, 18);
INSERT INTO Bottle VALUES(2, 'Brandy 0.8', 2, 24.50, 800, 18);
INSERT INTO Bottle VALUES(3, 'Brandy 0.8', 3, 24.50, 800, 18);
INSERT INTO Bottle VALUES(4, 'Brandy 0.8', 4, 24.50, 800, 18);
INSERT INTO Bottle VALUES(5, 'Brandy 0.8', 5, 24.50, 800, 18);
INSERT INTO Bottle VALUES(6, 'Brandy 0.8', 6, 24.50, 800, 18);
INSERT INTO Bottle VALUES(7, 'Brandy 0.8', 7, 24.50, 800, 18);
INSERT INTO Bottle VALUES(8, 'Brandy 0.8', 8, 24.50, 800, 18);
INSERT INTO Bottle VALUES(9, 'Brandy 0.8', 9, 24.50, 800, 18);
INSERT INTO Bottle VALUES(10, 'Brandy 0.8', 10, 24.50, 800, 18);
INSERT INTO Bottle VALUES(11, 'Brandy 0.5', 11, 14.50, 500, 18);
INSERT INTO Bottle VALUES(12, 'Brandy 0.5', 12, 14.50, 500, 18);
INSERT INTO Bottle VALUES(13, 'Brandy 0.5', 13, 14.50, 500, 18);
INSERT INTO Bottle VALUES(14, 'Brandy 0.5', 14, 14.50, 500, 18);
INSERT INTO Bottle VALUES(15, 'Brandy 0.5', 15, 14.50, 500, 18);
INSERT INTO Bottle VALUES(16, 'Brandy 0.5', 16, 14.50, 500, 18);
INSERT INTO Bottle VALUES(17, 'Brandy 0.5', 17, 14.50, 500, 18);
INSERT INTO Bottle VALUES(18, 'Brandy 0.5', 18, 14.50, 500, 18);
INSERT INTO Bottle VALUES(19, 'Brandy 0.5', 19, 14.50, 500, 18);
INSERT INTO Bottle VALUES(20, 'Brandy 0.5', 20, 14.50, 500, 18);
INSERT INTO Bottle VALUES(21, 'Brandy 0.5', 21, 14.50, 500, 18);
INSERT INTO Bottle VALUES(22, 'Brandy 0.5', 22, 14.50, 500, 18);
INSERT INTO Bottle VALUES(23, 'Brandy 0.5', 23, 14.50, 500, 18);
INSERT INTO Bottle VALUES(24, 'Brandy 0.5', 24, 14.50, 500, 18);
INSERT INTO Bottle VALUES(25, 'Brandy 0.5', 25, 14.50, 500, 18);
INSERT INTO Bottle VALUES(26, 'Brandy 0.5', 26, 14.50, 500, 18);
INSERT INTO Bottle VALUES(27, 'Brandy 0.5', 27, 14.50, 500, 18);
INSERT INTO Bottle VALUES(28, 'Brandy 0.5', 28, 14.50, 500, 18);
INSERT INTO Bottle VALUES(29, 'Brandy 0.5', 29, 14.50, 500, 18);
INSERT INTO Bottle VALUES(30, 'Brandy 0.5', 30, 14.50, 500, 18);
INSERT INTO Bottle VALUES(31, 'Brandy 0.5', 31, 14.50, 500, 18);
INSERT INTO Bottle VALUES(32, 'Brandy 0.5', 32, 14.50, 500, 18);
INSERT INTO Bottle VALUES(33, 'Brandy 0.5', 33, 14.50, 500, 18);
INSERT INTO Bottle VALUES(34, 'Brandy 0.5', 34, 14.50, 500, 18);
INSERT INTO Bottle VALUES(35, 'Brandy 0.8', 35, 24.50, 800, 18);
INSERT INTO Bottle VALUES(36, 'Brandy 0.8', 36, 24.50, 800, 18);
INSERT INTO Bottle VALUES(37, 'Brandy 0.8', 37, 24.50, 800, 18);
INSERT INTO Bottle VALUES(38, 'Brandy 0.8', 38, 24.50, 800, 18);
INSERT INTO Bottle VALUES(39, 'Brandy 0.8', 39, 24.50, 800, 18);
INSERT INTO Bottle VALUES(40, 'Brandy 0.8', 40, 24.50, 800, 18);
INSERT INTO Bottle VALUES(41, 'Brandy 0.8', 41, 24.50, 800, 18);
INSERT INTO Bottle VALUES(42, 'Brandy 0.8', 42, 24.50, 800, 18);
INSERT INTO Bottle VALUES(43, 'Brandy 0.8', 43, 24.50, 800, 18);
INSERT INTO Bottle VALUES(44, 'Brandy 0.8', 44, 24.50, 800, 18);
INSERT INTO Bottle VALUES(45, 'Brandy 0.5', 45, 14.50, 500, 18);
INSERT INTO Bottle VALUES(46, 'Brandy 0.5', 46, 14.50, 500, 18);
INSERT INTO Bottle VALUES(47, 'Brandy 0.5', 47, 14.50, 500, 18);
INSERT INTO Bottle VALUES(48, 'Brandy 0.5', 48, 14.50, 500, 18);
INSERT INTO Bottle VALUES(49, 'Brandy 0.5', 49, 14.50, 500, 18);
INSERT INTO Bottle VALUES(50, 'Brandy 0.5', 50, 14.50, 500, 18);
INSERT INTO Bottle VALUES(51, 'Brandy 0.5', 51, 14.50, 500, 18);
INSERT INTO Bottle VALUES(52, 'Brandy 0.5', 52, 14.50, 500, 18);
INSERT INTO Bottle VALUES(53, 'Brandy 0.5', 53, 14.50, 500, 18);
INSERT INTO Bottle VALUES(54, 'Brandy 0.5', 54, 14.50, 500, 18);
INSERT INTO Bottle VALUES(55, 'Brandy 0.5', 55, 14.50, 500, 18);
INSERT INTO Bottle VALUES(56, 'Brandy 0.5', 56, 14.50, 500, 18);
INSERT INTO Bottle VALUES(57, 'Brandy 0.5', 57, 14.50, 500, 18);
INSERT INTO Bottle VALUES(58, 'Brandy 0.5', 58, 14.50, 500, 18);
INSERT INTO Bottle VALUES(59, 'Brandy 0.5', 59, 14.50, 500, 18);
INSERT INTO Bottle VALUES(60, 'Brandy 0.5', 60, 14.50, 500, 18);
INSERT INTO Bottle VALUES(61, 'Brandy 0.5', 61, 14.50, 500, 18);
INSERT INTO Bottle VALUES(62, 'Brandy 0.5', 62, 14.50, 500, 18);
INSERT INTO Bottle VALUES(63, 'Brandy 0.5', 63, 14.50, 500, 18);
INSERT INTO Bottle VALUES(64, 'Brandy 0.5', 64, 14.50, 500, 18);
INSERT INTO Bottle VALUES(65, 'Brandy 0.5', 65, 14.50, 500, 18);
INSERT INTO Bottle VALUES(66, 'Brandy 0.5', 66, 14.50, 500, 18);
INSERT INTO Bottle VALUES(67, 'Brandy 0.5', 67, 14.50, 500, 18);
INSERT INTO Bottle VALUES(68, 'Brandy 0.5', 68, 14.50, 500, 18);
INSERT INTO Bottle VALUES(69, 'Cognac 0.6', 69, 29.50, 600, 19);
INSERT INTO Bottle VALUES(70, 'Cognac 0.6', 70, 29.50, 600, 19);
INSERT INTO Bottle VALUES(71, 'Cognac 0.6', 71, 29.50, 600, 19);
INSERT INTO Bottle VALUES(72, 'Cognac 0.6', 72, 29.50, 600, 19);
INSERT INTO Bottle VALUES(73, 'Cognac 0.6', 73, 29.50, 600, 19);
INSERT INTO Bottle VALUES(74, 'Cognac 0.6', 74, 29.50, 600, 19);
INSERT INTO Bottle VALUES(75, 'Cognac 0.6', 75, 29.50, 600, 19);
INSERT INTO Bottle VALUES(76, 'Cognac 0.6', 76, 29.50, 600, 19);
INSERT INTO Bottle VALUES(77, 'Cognac 0.6', 77, 29.50, 600, 19);
INSERT INTO Bottle VALUES(78, 'Cognac 0.6', 78, 29.50, 600, 19);
INSERT INTO Bottle VALUES(79, 'Cognac 0.6', 79, 29.50, 600, 19);
INSERT INTO Bottle VALUES(80, 'Cognac 0.6', 80, 29.50, 600, 19);
INSERT INTO Bottle VALUES(81, 'Cognac 0.6', 81, 29.50, 600, 19);
INSERT INTO Bottle VALUES(82, 'Cognac 0.6', 82, 29.50, 600, 19);
INSERT INTO Bottle VALUES(83, 'Cognac 0.6', 83, 29.50, 600, 19);
INSERT INTO Bottle VALUES(84, 'Cognac 0.6', 84, 29.50, 600, 19);
INSERT INTO Bottle VALUES(85, 'Cognac 0.6', 85, 29.50, 600, 19);
INSERT INTO Bottle VALUES(86, 'Cognac 0.6', 86, 29.50, 600, 19);
INSERT INTO Bottle VALUES(87, 'Cognac 0.6', 87, 29.50, 600, 19);
INSERT INTO Bottle VALUES(88, 'Cognac 0.6', 88, 29.50, 600, 19);
INSERT INTO Bottle VALUES(89, 'Cognac 0.6', 89, 29.50, 600, 19);
INSERT INTO Bottle VALUES(90, 'Cognac 0.6', 90, 29.50, 600, 19);
INSERT INTO Bottle VALUES(91, 'Cognac 0.6', 91, 29.50, 600, 19);
INSERT INTO Bottle VALUES(92, 'Cognac 0.6', 92, 29.50, 600, 19);
INSERT INTO Bottle VALUES(93, 'Cognac 0.6', 93, 29.50, 600, 19);
INSERT INTO Bottle VALUES(94, 'Cognac 0.6', 94, 29.50, 600, 19);
INSERT INTO Bottle VALUES(95, 'Cognac 0.6', 95, 29.50, 600, 19);
INSERT INTO Bottle VALUES(96, 'Cognac 0.6', 96, 29.50, 600, 19);
INSERT INTO Bottle VALUES(97, 'Cognac 0.6', 97, 29.50, 600, 19);
INSERT INTO Bottle VALUES(98, 'Cognac 0.6', 98, 29.50, 600, 19);
INSERT INTO Bottle VALUES(99, 'Cognac 1.0', 99, 49.50, 1000, 19);
INSERT INTO Bottle VALUES(100, 'Cognac 1.0', 100, 49.50, 1000, 19);
INSERT INTO Bottle VALUES(101, 'Cognac 1.0', 101, 49.50, 1000, 19);
INSERT INTO Bottle VALUES(102, 'Cognac 1.0', 102, 49.50, 1000, 19);
INSERT INTO Bottle VALUES(103, 'Cognac 1.0', 103, 49.50, 1000, 19);
INSERT INTO Bottle VALUES(104, 'Cognac 1.0', 104, 49.50, 1000, 19);
INSERT INTO Bottle VALUES(105, 'Cognac 1.0', 105, 49.50, 1000, 19);
INSERT INTO Bottle VALUES(106, 'Cognac 1.0', 106, 49.50, 1000, 19);
INSERT INTO Bottle VALUES(107, 'Cognac 1.0', 107, 49.50, 1000, 19);
INSERT INTO Bottle VALUES(108, 'Cognac 1.0', 108, 49.50, 1000, 19);
INSERT INTO Bottle VALUES(109, 'Cognac 1.0', 109, 49.50, 1000, 19);
INSERT INTO Bottle VALUES(110, 'Cognac 1.0', 110, 49.50, 1000, 19);
INSERT INTO Bottle VALUES(111, 'Cognac 1.0', 111, 49.50, 1000, 19);
INSERT INTO Bottle VALUES(112, 'Cognac 1.0', 112, 49.50, 1000, 19);
INSERT INTO Bottle VALUES(113, 'Cognac 1.0', 113, 49.50, 1000, 19);
INSERT INTO Bottle VALUES(114, 'Cognac 1.0', 114, 49.50, 1000, 19);
INSERT INTO Bottle VALUES(115, 'Cognac 1.0', 115, 49.50, 1000, 19);
INSERT INTO Bottle VALUES(116, 'Cognac 1.0', 116, 49.50, 1000, 19);
INSERT INTO Bottle VALUES(117, 'Cognac 1.0', 117, 49.50, 1000, 19);
INSERT INTO Bottle VALUES(118, 'Cognac 1.0', 118, 49.50, 1000, 19);
INSERT INTO Bottle VALUES(119, 'Cognac 1.0', 119, 49.50, 1000, 19);
INSERT INTO Bottle VALUES(120, 'Cognac 1.0', 120, 49.50, 1000, 19);
INSERT INTO Bottle VALUES(121, 'Cognac 1.0', 121, 49.50, 1000, 19);
INSERT INTO Bottle VALUES(122, 'Cognac 1.0', 122, 49.50, 1000, 19);
INSERT INTO Bottle VALUES(123, 'Cognac 1.0', 123, 49.50, 1000, 19);
INSERT INTO Bottle VALUES(124, 'Cognac 1.0', 124, 49.50, 1000, 19);
INSERT INTO Bottle VALUES(125, 'Cognac 1.0', 125, 49.50, 1000, 19);
INSERT INTO Bottle VALUES(126, 'Cognac 1.0', 126, 49.50, 1000, 19);
INSERT INTO Bottle VALUES(127, 'Cognac 1.0', 127, 49.50, 1000, 19);
INSERT INTO Bottle VALUES(128, 'Cognac 1.0', 128, 49.50, 1000, 19);
INSERT INTO Bottle VALUES(129, 'Cognac 1.0', 129, 49.50, 1000, 19);
INSERT INTO Bottle VALUES(130, 'Cognac 1.0', 130, 49.50, 1000, 19);
INSERT INTO Bottle VALUES(131, 'Cognac 1.0', 131, 49.50, 1000, 19);
INSERT INTO Bottle VALUES(132, 'Cognac 1.0', 132, 49.50, 1000, 19);
INSERT INTO Bottle VALUES(133, 'Cognac 1.0', 133, 49.50, 1000, 19);
INSERT INTO Bottle VALUES(134, 'Cognac 1.0', 134, 49.50, 1000, 19);
INSERT INTO Bottle VALUES(135, 'Cognac 1.0', 135, 49.50, 1000, 19);
INSERT INTO Bottle VALUES(136, 'Cognac 1.0', 136, 49.50, 1000, 19);
INSERT INTO Bottle VALUES(137, 'Cognac 1.0', 137, 49.50, 1000, 19);
INSERT INTO Bottle VALUES(138, 'Cognac 1.0', 138, 49.50, 1000, 19);
INSERT INTO Bottle VALUES(139, 'Cognac 1.0', 139, 49.50, 1000, 19);
INSERT INTO Bottle VALUES(140, 'Cognac 1.0', 140, 49.50, 1000, 19);
INSERT INTO Bottle VALUES(141, 'Grappa 0.7', 141, 24.50, 700, 20);
INSERT INTO Bottle VALUES(142, 'Grappa 0.7', 142, 24.50, 700, 20);
INSERT INTO Bottle VALUES(143, 'Grappa 0.7', 143, 24.50, 700, 20);
INSERT INTO Bottle VALUES(144, 'Grappa 0.7', 144, 24.50, 700, 20);
INSERT INTO Bottle VALUES(145, 'Grappa 0.7', 145, 24.50, 700, 20);
INSERT INTO Bottle VALUES(146, 'Grappa 0.7', 146, 24.50, 700, 20);
INSERT INTO Bottle VALUES(147, 'Grappa 0.7', 147, 24.50, 700, 20);
INSERT INTO Bottle VALUES(148, 'Grappa 0.7', 148, 24.50, 700, 20);
INSERT INTO Bottle VALUES(149, 'Grappa 0.7', 149, 24.50, 700, 20);
INSERT INTO Bottle VALUES(150, 'Grappa 0.7', 150, 24.50, 700, 20);
INSERT INTO Bottle VALUES(151, 'Grappa 0.7', 151, 24.50, 700, 20);
INSERT INTO Bottle VALUES(152, 'Grappa 0.7', 152, 24.50, 700, 20);
INSERT INTO Bottle VALUES(153, 'Grappa 0.7', 153, 24.50, 700, 20);
INSERT INTO Bottle VALUES(154, 'Grappa 0.7', 154, 24.50, 700, 20);
INSERT INTO Bottle VALUES(155, 'Grappa 0.7', 155, 24.50, 700, 20);
INSERT INTO Bottle VALUES(156, 'Grappa 0.7', 156, 24.50, 700, 20);
INSERT INTO Bottle VALUES(157, 'Grappa 0.7', 157, 24.50, 700, 20);
INSERT INTO Bottle VALUES(158, 'Grappa 0.7', 158, 24.50, 700, 20);
INSERT INTO Bottle VALUES(159, 'Grappa 0.7', 159, 24.50, 700, 20);
INSERT INTO Bottle VALUES(160, 'Grappa 0.7', 160, 24.50, 700, 20);
INSERT INTO Bottle VALUES(161, 'Grappa 1.0', 161, 34.50, 1000, 20);
INSERT INTO Bottle VALUES(162, 'Grappa 1.0', 162, 34.50, 1000, 20);
INSERT INTO Bottle VALUES(163, 'Grappa 1.0', 163, 34.50, 1000, 20);
INSERT INTO Bottle VALUES(164, 'Grappa 1.0', 164, 34.50, 1000, 20);
INSERT INTO Bottle VALUES(165, 'Grappa 1.0', 165, 34.50, 1000, 20);
INSERT INTO Bottle VALUES(166, 'Grappa 1.0', 166, 34.50, 1000, 20);
INSERT INTO Bottle VALUES(167, 'Vodka 0.7', 167, 14.50, 700, 21);
INSERT INTO Bottle VALUES(168, 'Vodka 0.7', 168, 14.50, 700, 21);
INSERT INTO Bottle VALUES(169, 'Vodka 0.7', 169, 14.50, 700, 21);
INSERT INTO Bottle VALUES(170, 'Vodka 0.7', 170, 14.50, 700, 21);
INSERT INTO Bottle VALUES(171, 'Vodka 0.7', 171, 14.50, 700, 21);
INSERT INTO Bottle VALUES(172, 'Vodka 0.7', 172, 14.50, 700, 21);
INSERT INTO Bottle VALUES(173, 'Vodka 0.7', 173, 14.50, 700, 21);
INSERT INTO Bottle VALUES(174, 'Vodka 0.7', 174, 14.50, 700, 21);
INSERT INTO Bottle VALUES(175, 'Vodka 0.7', 175, 14.50, 700, 21);
INSERT INTO Bottle VALUES(176, 'Vodka 0.7', 176, 14.50, 700, 21);
INSERT INTO Bottle VALUES(177, 'Vodka 0.7', 177, 14.50, 700, 21);
INSERT INTO Bottle VALUES(178, 'Vodka 0.7', 178, 14.50, 700, 21);
INSERT INTO Bottle VALUES(179, 'Vodka 0.7', 179, 14.50, 700, 21);
INSERT INTO Bottle VALUES(180, 'Vodka 0.7', 180, 14.50, 700, 21);
INSERT INTO Bottle VALUES(181, 'Vodka 0.7', 181, 14.50, 700, 21);
INSERT INTO Bottle VALUES(182, 'Vodka 0.7', 182, 14.50, 700, 21);
INSERT INTO Bottle VALUES(183, 'Vodka 0.7', 183, 14.50, 700, 21);
INSERT INTO Bottle VALUES(184, 'Vodka 0.7', 184, 14.50, 700, 21);
INSERT INTO Bottle VALUES(185, 'Vodka 0.7', 185, 14.50, 700, 21);
INSERT INTO Bottle VALUES(186, 'Vodka 0.7', 186, 14.50, 700, 21);
INSERT INTO Bottle VALUES(187, 'Vodka 0.7', 187, 14.50, 700, 21);
INSERT INTO Bottle VALUES(188, 'Vodka 0.7', 188, 14.50, 700, 21);
INSERT INTO Bottle VALUES(189, 'Vodka 0.7', 189, 14.50, 700, 21);
INSERT INTO Bottle VALUES(190, 'Vodka 0.7', 190, 14.50, 700, 21);
INSERT INTO Bottle VALUES(191, 'Vodka 0.7', 191, 14.50, 700, 21);
INSERT INTO Bottle VALUES(192, 'Vodka 0.7', 192, 14.50, 700, 21);
INSERT INTO Bottle VALUES(193, 'Vodka 0.7', 193, 14.50, 700, 21);
INSERT INTO Bottle VALUES(194, 'Vodka 0.7', 194, 14.50, 700, 21);
INSERT INTO Bottle VALUES(195, 'Vodka 0.7', 195, 14.50, 700, 21);
INSERT INTO Bottle VALUES(196, 'Vodka 0.7', 196, 14.50, 700, 21);
INSERT INTO Bottle VALUES(197, 'Vodka 0.7', 197, 14.50, 700, 21);
INSERT INTO Bottle VALUES(198, 'Vodka 0.7', 198, 14.50, 700, 21);
INSERT INTO Bottle VALUES(199, 'Vodka 0.7', 199, 14.50, 700, 21);
INSERT INTO Bottle VALUES(200, 'Vodka 0.7', 200, 14.50, 700, 21);
INSERT INTO Bottle VALUES(201, 'Vodka 0.7', 201, 14.50, 700, 21);
INSERT INTO Bottle VALUES(202, 'Vodka 0.7', 202, 14.50, 700, 21);
INSERT INTO Bottle VALUES(203, 'Vodka 0.7', 203, 14.50, 700, 21);
INSERT INTO Bottle VALUES(204, 'Vodka 0.7', 204, 14.50, 700, 21);
INSERT INTO Bottle VALUES(205, 'Vodka 0.7', 205, 14.50, 700, 21);
INSERT INTO Bottle VALUES(206, 'Vodka 0.7', 206, 14.50, 700, 21);
INSERT INTO Bottle VALUES(207, 'Vodka 0.7', 207, 14.50, 700, 21);
INSERT INTO Bottle VALUES(208, 'Vodka 0.7', 208, 14.50, 700, 21);
INSERT INTO Bottle VALUES(209, 'Vodka 0.7', 209, 14.50, 700, 21);
INSERT INTO Bottle VALUES(210, 'Vodka 0.7', 210, 14.50, 700, 21);
INSERT INTO Bottle VALUES(211, 'Vodka 0.7', 211, 14.50, 700, 21);
INSERT INTO Bottle VALUES(212, 'Vodka 0.7', 212, 14.50, 700, 21);
INSERT INTO Bottle VALUES(213, 'Vodka 0.7', 213, 14.50, 700, 21);
INSERT INTO Bottle VALUES(214, 'Vodka 0.7', 214, 14.50, 700, 21);
INSERT INTO Bottle VALUES(215, 'Vodka 0.7', 215, 14.50, 700, 21);
INSERT INTO Bottle VALUES(216, 'Vodka 0.7', 216, 14.50, 700, 21);
INSERT INTO Bottle VALUES(217, 'Vodka 1.5', 217, 29.50, 1500, 21);
INSERT INTO Bottle VALUES(218, 'Vodka 1.5', 218, 29.50, 1500, 21);
INSERT INTO Bottle VALUES(219, 'Vodka 1.5', 219, 29.50, 1500, 21);
INSERT INTO Bottle VALUES(220, 'Vodka 1.5', 220, 29.50, 1500, 21);
INSERT INTO Bottle VALUES(221, 'Vodka 1.5', 221, 29.50, 1500, 21);
INSERT INTO Bottle VALUES(222, 'Vodka 1.5', 222, 29.50, 1500, 21);
INSERT INTO Bottle VALUES(223, 'Vodka 1.5', 223, 29.50, 1500, 21);
INSERT INTO Bottle VALUES(224, 'Vodka 1.5', 224, 29.50, 1500, 21);
INSERT INTO Bottle VALUES(225, 'Vodka 1.5', 225, 29.50, 1500, 21);
INSERT INTO Bottle VALUES(226, 'Vodka 1.5', 226, 29.50, 1500, 21);
INSERT INTO Bottle VALUES(227, 'Vodka 1.5', 227, 29.50, 1500, 21);
INSERT INTO Bottle VALUES(228, 'Vodka 1.5', 228, 29.50, 1500, 21);
INSERT INTO Bottle VALUES(229, 'Vodka 1.5', 229, 29.50, 1500, 21);
INSERT INTO Bottle VALUES(230, 'Vodka 1.5', 230, 29.50, 1500, 21);
INSERT INTO Bottle VALUES(231, 'Vodka 1.5', 231, 29.50, 1500, 21);
INSERT INTO Bottle VALUES(232, 'Vodka 1.5', 232, 29.50, 1500, 21);
INSERT INTO Bottle VALUES(233, 'Vodka 1.5', 233, 29.50, 1500, 21);
INSERT INTO Bottle VALUES(234, 'Vodka 1.5', 234, 29.50, 1500, 21);
INSERT INTO Bottle VALUES(235, 'Vodka 1.5', 235, 29.50, 1500, 21);
INSERT INTO Bottle VALUES(236, 'Vodka 1.5', 236, 29.50, 1500, 21);
INSERT INTO Bottle VALUES(237, 'Vodka 1.5', 237, 29.50, 1500, 21);
INSERT INTO Bottle VALUES(238, 'Vodka 1.5', 238, 29.50, 1500, 21);
INSERT INTO Bottle VALUES(239, 'Vodka 1.5', 239, 29.50, 1500, 21);
INSERT INTO Bottle VALUES(240, 'Vodka 1.5', 240, 29.50, 1500, 21);
INSERT INTO Bottle VALUES(241, 'Vodka 1.5', 241, 29.50, 1500, 21);
INSERT INTO Bottle VALUES(242, 'Vodka 1.5', 242, 29.50, 1500, 21);
INSERT INTO Bottle VALUES(243, 'Vodka 1.5', 243, 29.50, 1500, 21);
INSERT INTO Bottle VALUES(244, 'Vodka 1.5', 244, 29.50, 1500, 21);
INSERT INTO Bottle VALUES(245, 'Vodka 1.5', 245, 29.50, 1500, 21);
INSERT INTO Bottle VALUES(246, 'Vodka 1.5', 246, 29.50, 1500, 21);
INSERT INTO Transaction VALUES(10, 'bank transfer', '2018-05-02', 245.00);
INSERT INTO Transaction VALUES(11, 'bank transfer', '2018-05-11', 1573.00);
INSERT INTO Transaction VALUES(12, 'check', '2018-05-18', 1573.00);
INSERT INTO Company VALUES('Bepi Alimentari', 'Vicenza', 'IT12T0630005484623841208215', 'Via Aldo Moro, 3', 'IT0254712548', 'Client', 'TMY7DPSAXQ1HD');
INSERT INTO Company VALUES('Alfiere', 'Rovigo', 'IT12T6483511315484131500054', 'Via Cavour, 71', 'IT01255431290', 'Both', 'LUDDMXR74UNGW');
INSERT INTO Company VALUES('Farmville', 'Bari', 'IT12T0686453215185464831584', 'Via 8/9 Maggio, 29', 'IT1594731627', 'Supplier', 'ZPVUSUNH6GJYJ');
INSERT INTO Company VALUES('Supermarket', 'Padova', 'IT12T0630005483001390200869', 'Via Giuseppe Garibaldi, 15', 'IT01234567890', 'Client', 'ABCDEF60R21F012U');
INSERT INTO Company VALUES('Roveri', 'Firenze', 'IT12T0613254181418551654642', 'Via Enrico degli Scrovegni, 2', 'IT01255400152', 'Client', '1TCFB8MFP9H7O');
INSERT INTO Company VALUES('Gaerne', 'Campodarsego', 'IT02E1651815886631285485156', 'Via Monte Summano, 5', 'IT46551313123', 'Both', 'YI1M6T4YBAWE8');
INSERT INTO Company VALUES('Sidi', 'Abano', 'IT16O4642846492315646232656', 'Corso del Popolo, 62', 'IT31584000212', 'Client', 'RMFRDSUUB4SZT');
INSERT INTO Company VALUES('Brignoli', 'Thiene', 'IT12T0544583584462616566215', 'Via Feltrina, 181', 'IT10015254620', 'Client', 'GL50QQX5TZRXK');
INSERT INTO Company VALUES('Pagnan', 'Gemona del Friuli', 'IT12T0497314568465554231622', 'Via Carlo Alberto Dalla Chiesa, 20', 'IT00154231622', 'Supplier', 'DBJRSTC2HS9R4');
INSERT INTO Company VALUES('Gioiosa', 'Cornuda', 'IT12T0636556135154351321531', 'Via Giulio Cesare, 91', 'IT45610132561', 'Client', 'YE35B4JTUD52K');
INSERT INTO Company VALUES('Pagin', 'Taranto', 'IT12T4897744123600030166542', 'Via Giorgione, 41', 'IT45612021021', 'Client', 'HY4D92PGJS0XS');
INSERT INTO Company VALUES('Moltana', 'Cagliari', 'IT12T0659523462162315616161', 'Via delle Industrie, 30', 'IT14412021523', 'Both', 'S3P7IIWDO0CFY');
INSERT INTO Company VALUES('Despar', 'Udine', 'IT09G9549732314132154415120', 'Via Facciolati, 68', 'IT64120265462', 'Client', '26I9KVQAHT4KJ');
INSERT INTO Company VALUES('Liddle', 'Varese', 'IT12T0630000312605166016423', 'Via Giacinto Facchetti, 29', 'IT13162016230', 'Client', 'G0GU6AGDYK7Q3');
INSERT INTO Company VALUES('Coop Adriatica', 'Arezzo', 'IT17G4654610000310325500112', 'Via Forcellini, 6', 'IT45565020215', 'Client', 'P7IKP51HHV7S3');
INSERT INTO Company VALUES('Jarvis', 'Pisa', 'IT12T0546596524110000212301', 'Via Venezia, 42', 'IT54632140310', 'Both', 'CRONL45YAYMPK');
INSERT INTO Company VALUES('Crai', 'Roma', 'IT12T0665420002101212032320', 'Via Piave, 71', 'IT00021540015', 'Client', '4YMSEGO7PZ1ZF');
INSERT INTO Company VALUES('Cooperativa Sociale', 'Montebelluna', 'IT12T0630545465458100210121', 'Via Roma, 25', 'IT14125023011', 'Supplier', 'KMGJJJ4KX0FMK');
INSERT INTO Company VALUES('San Benedetto', 'Villafranca di Verona', 'IT02L4541840024100411012012', 'Via Torino, 30', 'IT12201154021', 'Supplier', '7D7ZT0NE50XDJ');
INSERT INTO Company VALUES('Ortofrutticola Colli Asolani', 'Sarcedo', 'IT12P5444990002310120012126', 'Via Veneto, 30', 'IT51301230126', 'Supplier', 'YSZ9IVU4P2NLV');
INSERT INTO Sale VALUES(1, 10);
INSERT INTO Sale VALUES(2, 10);
INSERT INTO Sale VALUES(3, 10);
INSERT INTO Sale VALUES(4, 10);
INSERT INTO Sale VALUES(5, 10);
INSERT INTO Sale VALUES(141, 10);
INSERT INTO Sale VALUES(142, 10);
INSERT INTO Sale VALUES(143, 10);
INSERT INTO Sale VALUES(144, 10);
INSERT INTO Sale VALUES(145, 10);
INSERT INTO Sale VALUES(11, 11);
INSERT INTO Sale VALUES(12, 11);
INSERT INTO Sale VALUES(13, 11);
INSERT INTO Sale VALUES(14, 11);
INSERT INTO Sale VALUES(15, 11);
INSERT INTO Sale VALUES(16, 11);
INSERT INTO Sale VALUES(17, 11);
INSERT INTO Sale VALUES(18, 11);
INSERT INTO Sale VALUES(19, 11);
INSERT INTO Sale VALUES(20, 11);
INSERT INTO Sale VALUES(21, 11);
INSERT INTO Sale VALUES(22, 11);
INSERT INTO Sale VALUES(23, 11);
INSERT INTO Sale VALUES(24, 11);
INSERT INTO Sale VALUES(25, 11);
INSERT INTO Sale VALUES(26, 11);
INSERT INTO Sale VALUES(27, 11);
INSERT INTO Sale VALUES(28, 11);
INSERT INTO Sale VALUES(29, 11);
INSERT INTO Sale VALUES(30, 11);
INSERT INTO Sale VALUES(31, 11);
INSERT INTO Sale VALUES(32, 11);
INSERT INTO Sale VALUES(33, 11);
INSERT INTO Sale VALUES(34, 11);
INSERT INTO Sale VALUES(69, 11);
INSERT INTO Sale VALUES(70, 11);
INSERT INTO Sale VALUES(71, 11);
INSERT INTO Sale VALUES(72, 11);
INSERT INTO Sale VALUES(73, 11);
INSERT INTO Sale VALUES(99, 11);
INSERT INTO Sale VALUES(100, 11);
INSERT INTO Sale VALUES(101, 11);
INSERT INTO Sale VALUES(102, 11);
INSERT INTO Sale VALUES(103, 11);
INSERT INTO Sale VALUES(146, 11);
INSERT INTO Sale VALUES(147, 11);
INSERT INTO Sale VALUES(148, 11);
INSERT INTO Sale VALUES(149, 11);
INSERT INTO Sale VALUES(150, 11);
INSERT INTO Sale VALUES(151, 11);
INSERT INTO Sale VALUES(152, 11);
INSERT INTO Sale VALUES(153, 11);
INSERT INTO Sale VALUES(154, 11);
INSERT INTO Sale VALUES(155, 11);
INSERT INTO Sale VALUES(167, 11);
INSERT INTO Sale VALUES(168, 11);
INSERT INTO Sale VALUES(169, 11);
INSERT INTO Sale VALUES(170, 11);
INSERT INTO Sale VALUES(171, 11);
INSERT INTO Sale VALUES(172, 11);
INSERT INTO Sale VALUES(173, 11);
INSERT INTO Sale VALUES(174, 11);
INSERT INTO Sale VALUES(175, 11);
INSERT INTO Sale VALUES(176, 11);
INSERT INTO Sale VALUES(177, 11);
INSERT INTO Sale VALUES(178, 11);
INSERT INTO Sale VALUES(179, 11);
INSERT INTO Sale VALUES(180, 11);
INSERT INTO Sale VALUES(181, 11);
INSERT INTO Sale VALUES(182, 11);
INSERT INTO Sale VALUES(183, 11);
INSERT INTO Sale VALUES(184, 11);
INSERT INTO Sale VALUES(185, 11);
INSERT INTO Sale VALUES(186, 11);
INSERT INTO Sale VALUES(217, 11);
INSERT INTO Sale VALUES(218, 11);
INSERT INTO Sale VALUES(219, 11);
INSERT INTO Sale VALUES(220, 11);
INSERT INTO Sale VALUES(221, 11);
INSERT INTO Sale VALUES(222, 11);
INSERT INTO Sale VALUES(223, 11);
INSERT INTO Sale VALUES(224, 11);
INSERT INTO Sale VALUES(225, 11);
INSERT INTO Sale VALUES(226, 11);
INSERT INTO CompanyTransaction VALUES('Sidi', 10, 'IT31584000212');
INSERT INTO CompanyTransaction VALUES('Despar', 11, 'IT64120265462');
INSERT INTO CompanyTransaction VALUES('Pagnan', 12, 'IT00154231622');
INSERT INTO Purchase VALUES(2, 12, 50.0);
INSERT INTO Purchase VALUES(3, 12, 120.0);
INSERT INTO Purchase VALUES(5, 12, 30.0);
